,gamma_shape_nc,gamma_scale_nc,gamma_shape_c,gamma_scale_c,p_work_contacts
0,0.8407293,15.847107612753058,0.11240853,121.84574628176637,0.61821466
